אנגלית,עברית,irritating,מְעַצבֵּן
אנגלית,עברית,whimsical,גַחְמָנִי
אנגלית,עברית,anaphora,אנפורה
אנגלית,עברית,inept,שׁטוּתִי
אנגלית,עברית,providence,הַשׁגָחָה עֶליוֹנָה
אנגלית,עברית,coronation,הַכתָרָה
אנגלית,עברית,inferno,תוֹפֶת
אנגלית,עברית,labyrinth,מָבוֹך
אנגלית,עברית,fugitive,נִמלָט
אנגלית,עברית,woo,לְחַזֵר אַחֲרֵי
אנגלית,עברית,plebeian,הֶדיוֹט
אנגלית,עברית,parcel,חֲבִילָה
אנגלית,עברית,mnemonic,זכירת זיכרון
אנגלית,עברית,audacious,נוֹעָז
אנגלית,עברית,cordial,לְבָבִי
אנגלית,עברית,deprive,לִשְׁלוֹל
אנגלית,עברית,reciprocated,הדדי
אנגלית,עברית,trope,מְלִיצָה
אנגלית,עברית,doggedly,בעקשנות
אנגלית,עברית,incumbent,מוּטָל
אנגלית,עברית,rumbustious,רועש
אנגלית,עברית,mortar,מַרגֵמָה
אנגלית,עברית,iambic pentameter,פנטמטר יאמבי
אנגלית,עברית,cadence,קצב
אנגלית,עברית,obdurate,עַקשָׁן
אנגלית,עברית,thump,חֲבָטָה
אנגלית,עברית,thumping,הלם
אנגלית,עברית,peroration,ניקוב
אנגלית,עברית,scorch,לִצְרוֹב
אנגלית,עברית,pensiveness,הרהור
אנגלית,עברית,bigot,קנאי
אנגלית,עברית,menace,אִיוּם
אנגלית,עברית,baffling,מֵבִיך
אנגלית,עברית,juxtaposition,סְמִיכוּת
אנגלית,עברית,ardently,בלהט
אנגלית,עברית,pejorative,מְזַלזֵל
אנגלית,עברית,paucity,מַחְסוֹר
אנגלית,עברית,apocryphal,מְפוּקפָּק
אנגלית,עברית,incarcerated,כלוא
אנגלית,עברית,proverb,פִּתגָם
אנגלית,עברית,extrinsic,חִיצוֹנִי
אנגלית,עברית,homicydel,רצח
אנגלית,עברית,deposed,מוּדָח
אנגלית,עברית,vendictive,נַקמָנִי
אנגלית,עברית,fable,מָשָׁל
אנגלית,עברית,alas,אבוי
אנגלית,עברית,hunch,תְחוּשָׁה
אנגלית,עברית,contention,מַחֲלוֹקֶת
אנגלית,עברית,cypress,בְּרוֹשׁ
אנגלית,עברית,creek,עָרוּץ
אנגלית,עברית,retract,לָסֶגֶת
אנגלית,עברית,gushing,מִשׁתַפֵּך
אנגלית,עברית,irrepressible,בלתי ניתן לעצירה
אנגלית,עברית,chauffeur,נֶהָג
אנגלית,עברית,rant,לְדַבֵּר בְּטִרוּף
אנגלית,עברית,disconsolate,לַנְחֵם
אנגלית,עברית,scorn,לַעַג
אנגלית,עברית,scornful,מָלֵא בּוּז
אנגלית,עברית,sniggered,גיחך
אנגלית,עברית,formidable,נוֹרָא
אנגלית,עברית,mesmerized,מהופנט
אנגלית,עברית,coerce,לִכפּוֹת
אנגלית,עברית,audit,בְּדִיקָה
אנגלית,עברית,jarring,צוֹרֵם
אנגלית,עברית,jolly,עַלִיז
אנגלית,עברית,acquittal,זיכוי
אנגלית,עברית,holler,לִצְעוֹק
אנגלית,עברית,desecrate,לְחַלֵל
אנגלית,עברית,revert,לַחֲזוֹר
אנגלית,עברית,reconciliation,פִּיוּס
אנגלית,עברית,iniquity,עָווֹן
אנגלית,עברית,expedient,אֶמְצָעִי
אנגלית,עברית,marginalized,שוליים
אנגלית,עברית,drug swab,מקלון סמים
אנגלית,עברית,secrete,לְהַפְרִישׁ
אנגלית,עברית,tweak,לִצבּוֹט
אנגלית,עברית,permeable,חָדִיר
אנגלית,עברית,latent,חָבוּי
אנגלית,עברית,spotled,מנוקדת
אנגלית,עברית,reprise,שְׁנַאי
עברית,אנגלית,חורק,creaky
אנגלית,עברית,pollen,אֲבָקָה
אנגלית,עברית,invocation,קְרִיאָה
אנגלית,עברית,erected,הוקם
אנגלית,עברית,revelry,הִתהוֹלְלוּת
אנגלית,עברית,deficit,גֵרָעוֹן
אנגלית,עברית,ventures,מיזמים
אנגלית,עברית,venture,לְהַעֵז
אנגלית,עברית,respiration,נְשִׁימָה
אנגלית,עברית,fermentation,תְסִיסָה
אנגלית,עברית,circumvention,עקיפה
אנגלית,עברית,expropriate,להפקיע
אנגלית,עברית,quintile,חמישון
אנגלית,עברית,debacle,כישלון
אנגלית,עברית,discretionary,שיקול דעת
אנגלית,עברית,banquet,סְעוּדָה
אנגלית,עברית,diminution,הַפחָתָה
אנגלית,עברית,prevailing,הִשׁתַלְטוּת
עברית,אנגלית,שליה,placenta
אנגלית,עברית,muffled,עמום
אנגלית,עברית,hoard,לֶאֱגוֹר
אנגלית,עברית,jigsaw,פאזל
אנגלית,עברית,deplete,לְרוֹקֵן
אנגלית,עברית,garret,עֲלִיַת גַג
אנגלית,עברית,malignant,מַמְאִיר
אנגלית,עברית,innocuous,לֹא מַזִיק
אנגלית,עברית,invocative,קריאה
אנגלית,עברית,liable,עָלוּל
אנגלית,עברית,forage,מִסְפּוֹא
אנגלית,עברית,stonemason,סַתָת
אנגלית,עברית,apace,בִּמְהִירוּת
אנגלית,עברית,voracious,רַעַבתָנִי
אנגלית,עברית,brash,חצוף
אנגלית,עברית,poacher,צייד
אנגלית,עברית,amends,מתקן
אנגלית,עברית,prodigal,האובד
אנגלית,עברית,mangy,מָאוּס
אנגלית,עברית,conjugate,לְהַטוֹת
אנגלית,עברית,ungrounding,ניתוק הארקה
אנגלית,עברית,shrug,משיכת כתפיים
אנגלית,עברית,ride-hailing,הסעות נסיעות
אנגלית,עברית,genteel,אדיב
אנגלית,עברית,perseverance,הַתמָדָה
אנגלית,עברית,designate,מְיוּעָד
אנגלית,עברית,trample,לִרְמוֹס
אנגלית,עברית,grudgingly,בְּלִי רָצוֹן
אנגלית,עברית,hurdle,מְשׂוֹכָה
אנגלית,עברית,disseminating,הפצה
אנגלית,עברית,repentance,תְשׁוּבָה
אנגלית,עברית,horrendous,נורא
אנגלית,עברית,whatsoever,כָּלשֶׁהוּ
אנגלית,עברית,inflammation,דַלֶקֶת
אנגלית,עברית,offset,לְקַזֵז
אנגלית,עברית,posterity,הדורות הבאים
אנגלית,עברית,pincer,מלקחיים
אנגלית,עברית,immaculate,לְלֹא רְבָב
אנגלית,עברית,spring,אָבִיב
אנגלית,עברית,retribution,גְמוּל
אנגלית,עברית,compromised,נפגע
אנגלית,עברית,opaque,אָטוּם
אנגלית,עברית,estranged,מנוכר
אנגלית,עברית,detonation,הִתְפּוֹצְצוּת
אנגלית,עברית,conducive,מְסַיֵעַ
אנגלית,עברית,detritus,בְּלִית
אנגלית,עברית,tenet,עִקָרוֹן
אנגלית,עברית,corny,נָדוֹשׁ
אנגלית,עברית,ghoul,שֵׁד
אנגלית,עברית,disparity,פַּעַר
אנגלית,עברית,vigour,מֶרֶץ
אנגלית,עברית,digress,לִסְטוֹת
אנגלית,עברית,vindication,הַצדָקָה
אנגלית,עברית,virulence,אַרסִיוּת
אנגלית,עברית,abscess,מוּרְסָה
אנגלית,עברית,supersede,להחליף
אנגלית,עברית,adherent,חָסִיד
אנגלית,עברית,taint,לְהַכתִים
אנגלית,עברית,wreak,לִנְקוֹם
אנגלית,עברית,fetid,מַסרִיחַ
אנגלית,עברית,laden,עָמוּס
אנגלית,עברית,enterprise,מִפְעָל
אנגלית,עברית,frail,חַלָשׁ
אנגלית,עברית,contentious,שנוי במחלוקת
אנגלית,עברית,rugged,מְחוּספָּס
אנגלית,עברית,heap,גַל
אנגלית,עברית,contiguous,רציף
אנגלית,עברית,datum,נָתוּן
אנגלית,עברית,rigorous,קַפְּדָנִי
אנגלית,עברית,replenish,לְחַדֵשׁ מְלַאִי
אנגלית,עברית,vial,צְלוֹחִית
אנגלית,עברית,weaned,גָמוּל
אנגלית,עברית,anesthesia,הַרדָמָה
אנגלית,עברית,ovum,ביצית
אנגלית,עברית,decimate,להשמיד
אנגלית,עברית,rife,רווי
אנגלית,עברית,seismic,רַעֲשִׁי
אנגלית,עברית,marsupial,כיס
אנגלית,עברית,vigorous,נִמרָץ
אנגלית,עברית,robust,חָסוֹן
אנגלית,עברית,prying,סַקרָנִי
אנגלית,עברית,lupine,תוּרמוֹס
אנגלית,עברית,canine,כַּלבִּי
אנגלית,עברית,flinch,לְהֵרָתַע
אנגלית,עברית,retreat,לָסֶגֶת
אנגלית,עברית,fond,מְחַבֵּב
אנגלית,עברית,reciprocate,לִגמוֹל
אנגלית,עברית,vacuous,ריק
אנגלית,עברית,outage,הפסקת חשמל
אנגלית,עברית,substrate,מצע
אנגלית,עברית,scold,לִנְזוֹף
אנגלית,עברית,chided,גער
אנגלית,עברית,lesion,נֶגַע
אנגלית,עברית,anchor,לְעַגֵן
אנגלית,עברית,oblique,אֲלַכסוֹנִי
אנגלית,עברית,artery,עוֹרֶק
אנגלית,עברית,arteries,עורקים
אנגלית,עברית,indexation,הצמדה לאינדקסציה
אנגלית,עברית,fetus,עוּבָּר
אנגלית,עברית,boon,בְּרָכָה
אנגלית,עברית,mend,לְתַקֵן
אנגלית,עברית,sanctimonious,מִתחַסֵד
אנגלית,עברית,assortment,מִבְחָר
אנגלית,עברית,pedigree,יוּחֲסִין
אנגלית,עברית,rebate,הֲנָחָה
אנגלית,עברית,impose,לֶאֱכוֹף
אנגלית,עברית,prepend,להוסיף לפני
אנגלית,עברית,singleton,קְלָף בּוֹדֵד
אנגלית,עברית,singletone,קְלָף בּוֹדֵד
אנגלית,עברית,hybridize,לְהַכלִיא
אנגלית,עברית,pancreas,לַבלָב
אנגלית,עברית,amplify,לְהַגבִּיר
אנגלית,עברית,purported,לכאורה
אנגלית,עברית,abrasive,מְשַׁפשֵׁף
אנגלית,עברית,residue,מִשׁקָע
אנגלית,עברית,pest,טַרדָן
אנגלית,עברית,drought,בַּצוֹרֶת
אנגלית,עברית,cull,לִברוֹר
אנגלית,עברית,wonky,רוֹפֵף
אנגלית,עברית,herbicides,קוטלי עשבים
אנגלית,עברית,augment,לְהַגדִיל
אנגלית,עברית,profligate,מוּפקָר
אנגלית,עברית,embodiment,הִתגַלְמוּת
אנגלית,עברית,wedge,טְרִיז
אנגלית,עברית,debilitating,מתיש
אנגלית,עברית,fetal,עוּבָּרִי
אנגלית,עברית,bone marrow,מח עצם
אנגלית,עברית,spleen,טְחוֹל
אנגלית,עברית,equities,מניות
אנגלית,עברית,commodities,סחורות
אנגלית,עברית,truncate,לקטום
אנגלית,עברית,reluctant,מהסס
אנגלית,עברית,compounding,הַרכָּבָה
אנגלית,עברית,perpetuity,נִצחִיוּת
אנגלית,עברית,enact,לְחוֹקֵק
אנגלית,עברית,amend,לְתַקֵן
אנגלית,עברית,enshrine,לעגן
אנגלית,עברית,notwithstanding,לַמרוֹת
אנגלית,עברית,ombudsman,נציב תלונות הציבור
אנגלית,עברית,inadequate,לָקוּי
אנגלית,עברית,inflammatory,דַלַקתִי
אנגלית,עברית,bond,קֶשֶׁר
אנגלית,עברית,amulate,לחקות
אנגלית,עברית,inversion,היפוך
אנגלית,עברית,permutation,תְמוּרָה
אנגלית,עברית,convoluted,מְפוּתָל
אנגלית,עברית,barter,סַחַר חֲלִיפִין
אנגלית,עברית,compliance,הַתאָמָה
אנגלית,עברית,alleviating,מקל
אנגלית,עברית,malleable,חָשִׁיל
אנגלית,עברית,taunt,לְהִתְגַרוֹת
אנגלית,עברית,taunting,ללעוג
אנגלית,עברית,pungent,חָרִיף
אנגלית,עברית,denounce,לְהוֹקִיעַ
אנגלית,עברית,deleterious,מזיק
אנגלית,עברית,dispense,לְחַלֵק
אנגלית,עברית,efficacy,יְעִילוּת
אנגלית,עברית,immunosuppressive,מדכא חיסון
אנגלית,עברית,invasive,פַּלשָׁנִי
אנגלית,עברית,prophylaxis,מְנִיעָה
אנגלית,עברית,tandem,טנדם
אנגלית,עברית,morbidity,תַחֲלוּאָה
אנגלית,עברית,adverse,שְׁלִילִי
אנגלית,עברית,noncommunicable,לא מדבק
אנגלית,עברית,Notwithstanding,לַמרוֹת
אנגלית,עברית,viral respiratory ailments,מחלות נשימה ויראליות
אנגלית,עברית,prohibitively,באופן בלתי מורשה
אנגלית,עברית,helix,חֶלזוֹנִית
אנגלית,עברית,tuberculosis,שַׁחֶפֶת
אנגלית,עברית,acquiesce,להסכים
אנגלית,עברית,strain,זַן
אנגלית,עברית,reservoir,מַאֲגָר
אנגלית,עברית,readily,לְלֹא קוֹשִׁי
אנגלית,עברית,forerunners,מבשרי הימים
אנגלית,עברית,confer,לְהַעֲנִיק
אנגלית,עברית,flora,צוֹמֵחַ
אנגלית,עברית,ward off,לַהֲדוֹף
אנגלית,עברית,proliferation,שִׂגשׂוּג
אנגלית,עברית,perplexed,נָבוֹך
אנגלית,עברית,mycoses,מיקוזה
עברית,אנגלית,יבלת,wart
אנגלית,עברית,elicitation,גירוי
עברית,אנגלית,נמען,addressee
אנגלית,עברית,annex,לְסַפֵּחַ
אנגלית,עברית,obfuscate,לְעַרְפֵּל
אנגלית,עברית,snag,קֶרַע
אנגלית,עברית,stimming,גירוי
אנגלית,עברית,perplexing,מֵבִיך
אנגלית,עברית,boggling,מבלבל
אנגלית,עברית,remission,הֲפוּגָה
אנגלית,עברית,suppository,פְּתִילָה
אנגלית,עברית,desiccated,מְיוֹבָּשׁ
אנגלית,עברית,augmentation,הגדלה
אנגלית,עברית,rowdy,רַעֲשָׁנִי
אנגלית,עברית,spawn,לְהַשְׁרִיץ
אנגלית,עברית,ripple,אַדְוָה
אנגלית,עברית,icicle,נָטִיף קֶרַח
אנגלית,עברית,brag,לְהִתְרַבְרֵב
אנגלית,עברית,aviation,תְעוּפָה
אנגלית,עברית,assertion,טַעֲנָה
אנגלית,עברית,assimilation,הַטמָעָה
אנגלית,עברית,intersect,לְהִצְטָלֵב
אנגלית,עברית,imbue,לְהַחדִיר
אנגלית,עברית,edict,צַו
אנגלית,עברית,commodity,סְחוֹרָה
אנגלית,עברית,lump,גוּשׁ
אנגלית,עברית,lumpy,מְסוּקָס
אנגלית,עברית,commiserated,השתתף בצער
אנגלית,עברית,conniption,קונפיציה
אנגלית,עברית,grievous,חָמוּר
אנגלית,עברית,apprehended,נתפס
אנגלית,עברית,undermine,לַחתוֹר
אנגלית,עברית,embolden,לעודד
אנגלית,עברית,constellation,קְבוּצַת כּוֹכָבִים
אנגלית,עברית,subpoenaing,זימון
אנגלית,עברית,colluding,קשירת קשר
אנגלית,עברית,nimble,זָרִיז
אנגלית,עברית,disgruntled,מְמוּרמָר
אנגלית,עברית,ferocious,פְּרָאִי
אנגלית,עברית,infallible,וַדָאִי
אנגלית,עברית,interconnectedness,קשר הדדי
אנגלית,עברית,smug,זחוח
אנגלית,עברית,complacent,שַׁאֲנָן
אנגלית,עברית,conform,לְהַתְאִים
אנגלית,עברית,lurk,לְהִסְתָתֵר
אנגלית,עברית,entourage,פָּמַלִיָה
אנגלית,עברית,clout,השפעה
אנגלית,עברית,interlude,הַפסָקָה
אנגלית,עברית,perish,לָמוּת
אנגלית,עברית,altar,מִזבֵּחַ
אנגלית,עברית,altercation,קְטָטָה
אנגלית,עברית,soggy,סָפוּג
אנגלית,עברית,midwife,מְיַלֶדֶת
אנגלית,עברית,lodger,דייר
אנגלית,עברית,facetious,מְנַסֶה לְשַׁעֲשֵׁעַ
אנגלית,עברית,rueful,עָגוּם
אנגלית,עברית,wee,פָּעוּט
אנגלית,עברית,detention,מַעְצָר
אנגלית,עברית,fumble,לְמַשֵׁשׁ
אנגלית,עברית,carefree,שַׁאֲנָן
אנגלית,עברית,hash,בְּלִיל
אנגלית,עברית,tally,לִסְפּוֹר
אנגלית,עברית,obsolete,מְיוּשָׁן
אנגלית,עברית,mezzanine,קוֹמַת בֵּינַיִם
אנגלית,עברית,modal,מוֹדָלִי
אנגלית,עברית,indispensable,חִיוּנִי
אנגלית,עברית,blissful,מְאוּשָׁר
אנגלית,עברית,foist,לדחוף
אנגלית,עברית,extort,לִסְחוֹט
אנגלית,עברית,finesse,עֲדִינוּת
אנגלית,עברית,gnome,גַמָד
אנגלית,עברית,agonize,לְהִתְיַסֵר
אנגלית,עברית,remittance,מִשׁלוֹחַ
אנגלית,עברית,insignificant,לֹא מַשְׁמָעוּתִי
עברית,אנגלית,לא חשוב,unimportant
אנגלית,עברית,prevelant,נָפוֹץ
אנגלית,עברית,probe,בְּדִיקָה
אנגלית,עברית,mint,מֶנטָה
אנגלית,עברית,clinger,נצמד
עברית,אנגלית,ערמומי,cunning
עברית,אנגלית,ראווה,Showcase
אנגלית,עברית,salvo,מַטָח
אנגלית,עברית,nascent,מתחיל
עברית,אנגלית,מדבק,contagious
אנגלית,עברית,racketeering,סחיטה
אנגלית,עברית,incur,לִיטוֹל עַל עַצמוֹ
אנגלית,עברית,verdict,פְּסַק דִין
אנגלית,עברית,procure,לְהַשִׂיג
אנגלית,עברית,sifter,מסנן
אנגלית,עברית,stalker,עוקב
אנגלית,עברית,deterrence,הַרתָעָה
אנגלית,עברית,thrum,לִפְרוֹט
אנגלית,עברית,novelty,טְרִיוּת
אנגלית,עברית,curio,דָבָר יוֹצֵא דוֹפֶן
אנגלית,עברית,bladders,שלפוחיות
אנגלית,עברית,barrage,מטח
אנגלית,עברית,evasive,מִתחַמֵק
אנגלית,עברית,backlash,תְגוּבָה חֲרִיפָה
אנגלית,עברית,quell,לְשַׁכֵּך
אנגלית,עברית,quarrel,לָרִיב
אנגלית,עברית,brawl,קְטָטָה
אנגלית,עברית,foe,אוֹיֵב
אנגלית,עברית,albeit,אַף כִּי
אנגלית,עברית,incitement,הֲסָתָה
אנגלית,עברית,loathed,תיעב
אנגלית,עברית,peril,סַכָּנָה
אנגלית,עברית,adversary,יָרִיב
אנגלית,עברית,forge,לְהַחשִׁיל
אנגלית,עברית,deputy,סְגָן
אנגלית,עברית,slump,לִצְנוֹחַ
אנגלית,עברית,fungible,ניתן להחלפה
אנגלית,עברית,ledger,פִּנקָס
אנגלית,עברית,fragment,קֶטַע
אנגלית,עברית,defragment,לאחות
אנגלית,עברית,pulsating,הַפעָמָה
אנגלית,עברית,charriot,מרכבה
אנגלית,עברית,encaustic,אנקאוסטי
אנגלית,עברית,ochre,אוֹכרָה
אנגלית,עברית,engobed,מצופה
עברית,אנגלית,חוסר,lack
אנגלית,עברית,foster,לְטַפֵּחַ
אנגלית,עברית,revoke,לְבַטֵל
אנגלית,עברית,rebuke,לִנְזוֹף
אנגלית,עברית,hassle,טִרחָה
אנגלית,עברית,bigotry,קַנָאוּת
אנגלית,עברית,witty,שָׁנוּן
אנגלית,עברית,reconassiance,סִיוּר
אנגלית,עברית,slanted,אֲלַכסוֹנִי
אנגלית,עברית,intermittently,לסירוגין
אנגלית,עברית,bust,חָזֶה
אנגלית,עברית,prostate,עַרמוֹנִית
אנגלית,עברית,metastatic,גרורתי
אנגלית,עברית,compatible,תוֹאֵם
אנגלית,עברית,keel,שִׁדְרִית
אנגלית,עברית,stern,חָמוּר
אנגלית,עברית,hull,לְקַלֵף
אנגלית,עברית,rudder,הֶגֶה
אנגלית,עברית,mast,תוֹרֶן
אנגלית,עברית,helm,הֶגֶה
אנגלית,עברית,deterioration,הְתדַרדְרוּת
אנגלית,עברית,bolster,לְחַזֵק
אנגלית,עברית,conviction,הַרשָׁעָה
אנגלית,עברית,adhere,לִדבּוֹק
אנגלית,עברית,omission,הַשׁמָטָה
אנגלית,עברית,amendment,תִקוּן
אנגלית,עברית,complicity,שותפות
אנגלית,עברית,prudence,זְהִירוּת
אנגלית,עברית,censorship,צֶנזוּרָה
אנגלית,עברית,libelous,מַשׁמִיץ
אנגלית,עברית,preamble,הַקדָמָה
אנגלית,עברית,amble,להתהלך
אנגלית,עברית,groan,אֲנָקָה
אנגלית,עברית,brine,מֵי מֶלַח
אנגלית,עברית,stipend,קִצבָּה
עברית,אנגלית,להדחיק,repress
עברית,אנגלית,יען,ostrich
אנגלית,עברית,ostracized,מְנוּדֶה
אנגלית,עברית,envoy,שַׁגְרִיר
אנגלית,עברית,emissivity,פליטת
אנגלית,עברית,emissitivity,פליטת
אנגלית,עברית,propagate,לְהָפִיץ
אנגלית,עברית,insomnia,נדודי שינה
אנגלית,עברית,entries,ערכים
אנגלית,עברית,teeter,לְהִתְנוֹדֵד
אנגלית,עברית,sturdy,חָסוֹן
אנגלית,עברית,protagonist,דְמוּת רָאשִׁית
אנגלית,עברית,affluent,אָמִיד
אנגלית,עברית,brink,סַף
אנגלית,עברית,lingers,מתעכב
אנגלית,עברית,veracity,אֲמִתוּת
אנגלית,עברית,elucidate,לְהַבהִיר
אנגלית,עברית,corroborate,לְאַמֵת
אנגלית,עברית,err,לִטְעוֹת
אנגלית,עברית,edify,לְהַבהִיר
אנגלית,עברית,subpoena,הַזמָנָה
אנגלית,עברית,idler,בטלן
אנגלית,עברית,tidbit,יְדִיעָה
אנגלית,עברית,tidbits,פיסות מידע
אנגלית,עברית,condo,דירה
אנגלית,עברית,spurt,פֶּרֶץ
אנגלית,עברית,weedy,עשבוני
אנגלית,עברית,reminiscent,מַזכִּיר
אנגלית,עברית,reconcile,לְהַשְׁלִים
אנגלית,עברית,simile,דמיון
אנגלית,עברית,fuzzy,מְעוּרפָּל
אנגלית,עברית,duckling,בַּרוָזוֹן
אנגלית,עברית,props,אביזרים
אנגלית,עברית,abbreviation,נוֹטָרִיקוֹן
עברית,אנגלית,להקדים,precede
אנגלית,עברית,artsy,אומנותי
אנגלית,עברית,tadpole,רֹאשָׁן
אנגלית,עברית,covenant,בְּרִית
אנגלית,עברית,spate,מַבּוּל
עברית,אנגלית,מחסנית,cartridge
עברית,אנגלית,אלונקה,stretcher
אנגלית,עברית,cilantro,כוסברה
אנגלית,עברית,clingy,נצמד
אנגלית,עברית,comprise,לִכלוֹל
אנגלית,עברית,emote,רגש
אנגלית,עברית,mogul,מוֹגוּל
עברית,אנגלית,שלולית,puddle
אנגלית,עברית,gravel,חָצָץ
אנגלית,עברית,ashen,אַפְרוּרִי
אנגלית,עברית,extrapolate,לְחַיֵץ
אנגלית,עברית,pruning,קִצוּץ
אנגלית,עברית,culprit,עֲבַרְיָן
אנגלית,עברית,pact,בְּרִית
אנגלית,עברית,ensnared,בלכוד
אנגלית,עברית,antenna,אַנטֶנָה
אנגלית,עברית,antennae,אנטנות
אנגלית,עברית,thorax,בֵּית הַחָזֶה
אנגלית,עברית,decrement,ירידה
אנגלית,עברית,scrumptious,טעים
אנגלית,עברית,inductance,הַשׁרָאוּת
אנגלית,עברית,sly,עַרמוּמִי
אנגלית,עברית,mild,מָתוּן
אנגלית,עברית,sprain,נֶקַע
אנגלית,עברית,allotted,מוּקצֶה
אנגלית,עברית,drudgery,עֲבוֹדָה שְׁחוֹרָה
אנגלית,עברית,derogatory,פּוֹגֵעַ
אנגלית,עברית,foamy,מוּקצָף
אנגלית,עברית,rig,לְבוּשׁ
אנגלית,עברית,Rutter,ראטר
אנגלית,עברית,pavilion,בִּיתָן
אנגלית,עברית,twinkle,נִצנוּץ
אנגלית,עברית,shimmer,נִצנוּץ
אנגלית,עברית,radiate,לִקְרוֹן
אנגלית,עברית,dazzle,לְסַמֵא
אנגלית,עברית,gleam,נִצנוּץ
אנגלית,עברית,hoof,פַּרסָה
עברית,אנגלית,ליחה,Phlegm
אנגלית,עברית,enthusiastic,נִלהָב
אנגלית,עברית,enthusiasm,הִתלַהֲבוּת
אנגלית,עברית,ableism,יכולת
אנגלית,עברית,vilification,הַשׁמָצָה
אנגלית,עברית,deferred,דָחוּי
אנגלית,עברית,rogue,רַמַאִי
אנגלית,עברית,concisely,בצורה תמציתית
אנגלית,עברית,pedestrian,הוֹלֵך רֶגֶל
אנגלית,עברית,invigorating,מְעוֹדֵד
אנגלית,עברית,meander,לְשׁוֹטֵט
אנגלית,עברית,oblivious,מִתעַלֵם
אנגלית,עברית,errands,שליחויות
אנגלית,עברית,dopey,מְטוּמטָם
אנגלית,עברית,rosary,מַחְרוֹזֶת תְפִילָה
אנגלית,עברית,congruent,חוֹפֵף
עברית,אנגלית,נזלת,snot
אנגלית,עברית,scrutinize,לִבחוֹן
אנגלית,עברית,amble,לטייל
אנגלית,עברית,verbose,מִלוּלִי
אנגלית,עברית,augmented,מוּגבָּר
אנגלית,עברית,contour,קוֹנטוּר
אנגלית,עברית,daunted,מיואש
אנגלית,עברית,bruise,חַבּוּרָה
אנגלית,עברית,saddle,אוּכָּף
אנגלית,עברית,jargon,ז'ָרגוֹן
אנגלית,עברית,wanes,דועך
אנגלית,עברית,sprinkle,קוֹרֶט
עברית,אנגלית,להתבדות,be proven wrong
אנגלית,עברית,unhinge,להתיר את הצירים
אנגלית,עברית,loom,נוֹל
אנגלית,עברית,spool,סְלִיל
אנגלית,עברית,shovel,לִגרוֹף
אנגלית,עברית,toboggan,מִגלָשָׁה
אנגלית,עברית,harpoon,צִלצָל
אנגלית,עברית,facilitator,מנחה
אנגלית,עברית,prevalent,נָפוֹץ
אנגלית,עברית,extraneous,חִיצוֹנִי
אנגלית,עברית,skim,לְרַחֵף
אנגלית,עברית,ludicrous,מְגוּחָך
אנגלית,עברית,grate,לְגַרֵר
אנגלית,עברית,cavity,חָלָל
אנגלית,עברית,decompress,לְשַׁחְרֵר לָחָץ
אנגלית,עברית,diabolic,שְׂטָנִי
אנגלית,עברית,discrete,נִבדָל
אנגלית,עברית,mural,צִיוּר קִיר
אנגלית,עברית,relentlessly,ללא הרף
אנגלית,עברית,complyent,תואם
אנגלית,עברית,cunning,עַרמוּמִי
עברית,אנגלית,לחרוש,plow
עברית,אנגלית,אירוח,Hospitality
אנגלית,עברית,hositility,עוֹיְנוּת
אנגלית,עברית,increments,מרווחים
אנגלית,עברית,span,לְהַקִיף
אנגלית,עברית,saffron,זְעַפרָן
אנגלית,עברית,suave,אָדִיב
אנגלית,עברית,sedative,מַרגִיעַ
אנגלית,עברית,ogre,מפלצת
אנגלית,עברית,nag,לְנַדְנֵד
אנגלית,עברית,pad,כָּרִית
אנגלית,עברית,discourse,שִׂיחַ
אנגלית,עברית,disparage,לִזַלזֵל
אנגלית,עברית,impression,רוֹשֶׁם
עברית,אנגלית,מדכא,depressing
אנגלית,עברית,demistify,לבטל מיסטיקה
אנגלית,עברית,commission,עֲמָלָה
אנגלית,עברית,stoop,לְהִתְכּוֹפֵף
אנגלית,עברית,gallop,לִדהוֹר
אנגלית,עברית,flint,צוּר
אנגלית,עברית,gallantry,גְבוּרָה
אנגלית,עברית,inconspicuous,לֹא בּוֹלֵט
אנגלית,עברית,flabbergast,בלבול
אנגלית,עברית,blunt,לְהַקְהוֹת
אנגלית,עברית,wafer,רָקִיק
אנגלית,עברית,disperses,מתפזר
אנגלית,עברית,sprig,עָנָף
אנגלית,עברית,drizzle,זַרזִיף
אנגלית,עברית,flurry,הִתרַגְשׁוּת
אנגלית,עברית,sleet,שלל
אנגלית,עברית,crane,מָנוֹף
אנגלית,עברית,branch,עָנָף
אנגלית,עברית,wad,חֲבִילָה
אנגלית,עברית,snap,לְצַלֵם
אנגלית,עברית,crumple,לְקַמֵט
אנגלית,עברית,nib,חוֹד
אנגלית,עברית,crunch,לִכסוֹס
אנגלית,עברית,scrunch,לפשפש
אנגלית,עברית,pulp,מוֹך
אנגלית,עברית,slit,סֶדֶק
אנגלית,עברית,plunge,לִצְלוֹל
אנגלית,עברית,coda,קודה
אנגלית,עברית,resolutions,החלטות
אנגלית,עברית,bolt,בְּרִיחַ
אנגלית,עברית,dash,לְזַנֵק
אנגלית,עברית,fling,לְהַשְׁלִיך
אנגלית,עברית,revered,נַעֲרָץ
אנגלית,עברית,decry,לִזַלזֵל
אנגלית,עברית,turmoil,אַנְדְרָלָמוּסִיָה
אנגלית,עברית,reluctant,סרבן
אנגלית,עברית,protracted,ממושך
אנגלית,עברית,predicament,מַצָב קָשֶׁה
אנגלית,עברית,resin,שְׂרָף
אנגלית,עברית,sojourn,לָגוּר
אנגלית,עברית,amicably,באופן ידידותי
אנגלית,עברית,cogitate,להרהר
אנגלית,עברית,barren,צָחִיחַ
אנגלית,עברית,remedy,תְרוּפָה
אנגלית,עברית,primogeniture,בְּכוֹרָה
אנגלית,עברית,recession,שֵׁפֶל
אנגלית,עברית,scarcity,מַחְסוֹר
אנגלית,עברית,cascade,אֶשֶׁד
אנגלית,עברית,tumble,נְפִילָה
אנגלית,עברית,unsettling,מטריד
אנגלית,עברית,astonishing,מַפתִיעַ
אנגלית,עברית,sanitarium,בֵּית הַברָאָה
אנגלית,עברית,patty,קציצה
אנגלית,עברית,racketeering,סחטנות
אנגלית,עברית,blot,כֶּתֶם
אנגלית,עברית,den,גוֹב
עברית,אנגלית,נטמע,Assimilated
אנגלית,עברית,scavenger,זַבָּל
אנגלית,עברית,revolting,מַגְעִיל
אנגלית,עברית,decimate,להכחיד
אנגלית,עברית,frolic,לְהִשְׁתוֹבֵב
אנגלית,עברית,bleak,עָגוּם
אנגלית,עברית,obesity,הַשׁמָנָה
אנגלית,עברית,garron,גארון
אנגלית,עברית,belligerent,לוֹחְמָנִי
אנגלית,עברית,vortex,מְעַרבּוֹלֶת
אנגלית,עברית,pedastel,אֶדֶן
אנגלית,עברית,flustered,מבולבל
אנגלית,עברית,douse,לְכַבּוֹת
אנגלית,עברית,shed,לִשְׁפּוֹך
אנגלית,עברית,decoy,לִפתוֹת
אנגלית,עברית,subsequent,לאחר מכן
אנגלית,עברית,commute,נסיעה
אנגלית,עברית,vital,חִיוּנִי
אנגלית,עברית,deficient,חָסֵר
אנגלית,עברית,wither,לִקְמוֹל
אנגלית,עברית,heed,תְשׁוּמַת לֵב
אנגלית,עברית,idle,לְהִתְבַּטֵל
אנגלית,עברית,reverence,יִראַת כָּבוֹד
אנגלית,עברית,accord,הֶסכֵּם
אנגלית,עברית,adequate,הוֹלֵם
אנגלית,עברית,perspicuous,בולט
אנגלית,עברית,futile,חֲסַר תוֹעֶלֶת
אנגלית,עברית,subordinate,כָּפוּף
אנגלית,עברית,contemplating,מהרהר
אנגלית,עברית,depravation,השחתה
עברית,אנגלית,השלכות,Consequences
אנגלית,עברית,fallacious,מוּטעֶה
אנגלית,עברית,lust,תְשׁוּקָה
אנגלית,עברית,pine,לְהִתגַעגֵעַ
אנגלית,עברית,whine,יְלָלָה
אנגלית,עברית,ephemeral,חֲלוֹף
אנגלית,עברית,impervious,אָטוּם
אנגלית,עברית,lamentation,קִינָה
אנגלית,עברית,hazard,מִפגָע
אנגלית,עברית,elated,מתמוגג
אנגלית,עברית,lore,תוֹרָה
אנגלית,עברית,insurrection,הִתקוֹמְמוּת
אנגלית,עברית,imminent,מְמַשׁמֵשׁ וּבָא
אנגלית,עברית,scapegoat,שָׂעִיר לַעֲזָאזֵל
אנגלית,עברית,impermissible,אסור
אנגלית,עברית,imperative,הֶכְרֵחִי
אנגלית,עברית,maxim,פִּתגָם
אנגלית,עברית,dire,נוֹרָא
אנגלית,עברית,contingency,מגירה
אנגלית,עברית,daft,שׁוֹטֶה
אנגלית,עברית,calamity,אָסוֹן
אנגלית,עברית,conduit,תְעָלָה
אנגלית,עברית,inkling,רֶמֶז
אנגלית,עברית,deficiency,מַחְסוֹר
אנגלית,עברית,vent,פּוּרקָן
אנגלית,עברית,topple,לְהַפִּיל
אנגלית,עברית,spectacle,מַחֲזֶה
אנגלית,עברית,dictum,מֵימרָה
אנגלית,עברית,gauntlet,כְּפָפַת שִׁריוֹן
אנגלית,עברית,suffice,לְהַספִּיק
אנגלית,עברית,suffice to say,די לומר
אנגלית,עברית,caveat,אזהרה
אנגלית,עברית,habituate,לְהַרְגִיל
אנגלית,עברית,litter,אַשׁפָּה
אנגלית,עברית,linger,לְהִשְׁתַהוֹת
אנגלית,עברית,rinse,לִשְׁטוֹף
אנגלית,עברית,invoke,לִקְרוֹא
אנגלית,עברית,locomotive,קַטָר
אנגלית,עברית,elucidating,מבהיר
אנגלית,עברית,incidental,מִקרִי
אנגלית,עברית,faculty,סגל
אנגלית,עברית,indubitably,ללא ספק
אנגלית,עברית,tensor,מוֹתֵחַ
עברית,אנגלית,חקוק,Engraved
אנגלית,עברית,snafu,מְבוּלגָן
אנגלית,עברית,incinerator,כִּבשָׁן
אנגלית,עברית,brittle,שָׁבִיר
אנגלית,עברית,adoring,מעריץ
אנגלית,עברית,exempt,לִפְטוֹר
אנגלית,עברית,susceptible,רָגִישׁ
עברית,אנגלית,בלתי ניתן לערעור,indisputable
אנגלית,עברית,obscure,מְעוּרפָּל
אנגלית,עברית,impaled,משופד
עברית,אנגלית,מצפון,conscience
אנגלית,עברית,insofar,במידה
אנגלית,עברית,flux,שֶׁטֶף
אנגלית,עברית,diffusion,פִּעַפּוּעַ
אנגלית,עברית,alloy,סַגסוֹגֶת
אנגלית,עברית,yoke,עוֹל
אנגלית,עברית,manifestation,תוֹפָעָה
אנגלית,עברית,deported,מגורשים
אנגלית,עברית,chancellor,נָגִיד
אנגלית,עברית,hallucinate,להזות
עברית,אנגלית,תפוצות,diaspora
אנגלית,עברית,paragon,דוּגמָה וְמוֹפֵת
אנגלית,עברית,solubility,מְסִיסוּת
עברית,אנגלית,שריד,remnant
אנגלית,עברית,obnoxious,מְגוּנֶה
אנגלית,עברית,dipol,דיפול
אנגלית,עברית,aphorism,פִּתגָם
אנגלית,עברית,agony,יסורים
אנגלית,עברית,finicky,דקדקנית
אנגלית,עברית,vigor,מֶרֶץ
אנגלית,עברית,lethargic,רָדוּם
אנגלית,עברית,inane,מְטוּפָּשׁ
אנגלית,עברית,confiscate,לְהַחרִים
אנגלית,עברית,imposter,מתחזה
אנגלית,עברית,chassis,שִׁלדָה
אנגלית,עברית,superficial,שִׁטחִי
אנגלית,עברית,laureates,זוכי פרס
אנגלית,עברית,fastidious,בַּררָנִי
אנגלית,עברית,prissy,זריז
אנגלית,עברית,shun,לְהִתְרַחֵק
אנגלית,עברית,euthanized,הורדם
אנגלית,עברית,enclave,מובלעת
אנגלית,עברית,slumped,צנח
אנגלית,עברית,rim,שָׂפָה
אנגלית,עברית,indices,מדדים
אנגלית,עברית,ponder,לְהַרהֵר
אנגלית,עברית,slack,רָפוּי
אנגלית,עברית,peg,יָתֵד
אנגלית,עברית,impinge,לִפְגוֹעַ
אנגלית,עברית,tranquility,רוֹגַע
אנגלית,עברית,dubious,מְפוּקפָּק
אנגלית,עברית,incompatibilism,חוסר התאמה
אנגלית,עברית,swerve,לִסְטוֹת
אנגלית,עברית,forensic,מִשׁפָּטִי
אנגלית,עברית,reincarnation,גִלגוּל נְשָׁמוֹת
אנגלית,עברית,tibia,שׁוּקָה
אנגלית,עברית,flogged,מוּכֶּה
אנגלית,עברית,embryo,עוּבָּר
אנגלית,עברית,discharge,פְּרִיקָה
אנגלית,עברית,spatial,מֶרחָבִי
אנגלית,עברית,luminescent,זוֹרֵחַ
אנגלית,עברית,conductivity,מוֹלִיכוּת
אנגלית,עברית,unsaturated,בלתי רווי
אנגלית,עברית,omnidirectional,כל-כיווני
אנגלית,עברית,implication,מַשְׁמָעוּת
אנגלית,עברית,apparatus,מַנגָנוֹן
אנגלית,עברית,coincide,לַחפוֹף
אנגלית,עברית,stipulate,לְהַתְנוֹת
אנגלית,עברית,impede,לְעַכֵּב
אנגלית,עברית,affinity,זִיקָה
אנגלית,עברית,hone,לְחַדֵד
אנגלית,עברית,ransomware,כופרה
אנגלית,עברית,breach,הֲפָרָה